id,season,name,type,motto,category,region,flag,cardcategory,population,description,badges,trophies
"1","2","Testlandia","Hive Mind","Fixed, thanks.","New York Times Democracy","Testregionia","uploads/testlandia__555844.png","legendary","35400000000","35.4b Population 2,006t Industry","{""Admin"":1,""Issues Editor"":1,""WA"":1,""Founder"":1,""Moderator"":1,""Easter Egg"":3}","{""POPULATION-1"":475,""ECO-GOVT-5"":2875,""ENVIRONMENT-5"":3923}"
"2","2","Frisbeeteria","Dizzy Flying Saucers of Doom","Death to all fanatics!","Anarchy","Texas","uploads/frisbeeteria__825130.jpg","legendary","33500000000","33.5b Population 5,264t Industry","{""Game Mod"":1,""Moderator"":1,""Issues Author"":2,""Historical Resolution Author"":1,""General Assembly Resolution Author"":1,""Easter Egg"":7}","{""POPULATION-1"":905,""LOWTAX-1"":1258,""GDP-1"":1441}"
"4","2","Reploid Productions","Immortal Shogunate and Affiliated Territories","May the Goddess bind our foes with Her chain, and destroy them with Her axe!","Democratic Socialists","Space Sector RPRA","uploads/reploid_productions__525495.png","legendary","36500000000","36.5b Population 6,675t Industry","{""Game Mod"":1,""Founder"":1,""Moderator"":1,""Issues Author"":4,""Easter Egg"":1}","{""HAPPY-1"":87,""POPULATION-1"":123,""PUBLISHING-1"":179}"
"5","2","NERVUN","Protectorate Organization","A Nation of Economic Rights and Values","Right-wing Utopia","GeoFront","uploads/nervun__218502.png","legendary","32000000000","32.0b Population 5,366t Industry","{""Game Mod"":1,""Founder"":1,""Moderator"":1}","{""STATIONARY-1"":280,""PIZZA-1"":649,""POPULATION-1"":1288}"
"7","2","The Archregimancy","Holy Monastic Republic","Slouching Towards Bethlehem","Democratic Socialists","The Dreamed Realm","uploads/the_archregimancy__893097.png","legendary","31300000000","31.3b Population 104t Industry","{""Game Mod"":1,""Founder"":1,""Moderator"":1,""Easter Egg"":1}","{""EQUALITY-1T"":1,""STATIONARY-1"":293,""PRIMITIVE-1"":544}"
"32","2","Paffnia","Protectorate","Iuvans illos qui auxilium requirunt","Scandinavian Liberal Paradise","Aurelia","uploads/paffnia__554173.jpg","legendary","19600000000","19.6b Population 3,491t Industry","{""WA"":1,""Commended"":[""276""],""Security Council Resolution Author"":1,""Easter Egg"":4}","{""WELFARE-1"":192,""AID-1"":283,""INFLUENCE-1"":286}"
"38","2","Ballotonia","Free Democracy","Vote early, vote often.","Democratic Socialists","Nederland","uploads/ballotonia__802068.png","legendary","36900000000","36.9b Population 11,291t Industry","{""Admin"":1,""Commended"":[""63""],""Moderator"":1,""Issues Author"":1,""Security Council Resolution Author"":1,""Easter Egg"":6}","{""POPULATION-1"":30,""PUBLISHING-1"":129,""REBELYOUTH-1"":137}"
"42","2","Sanctaria","Divine Federation","Dura Lex Sed Lex","New York Times Democracy","International Democratic Union","uploads/sanctaria__272012.png","legendary","19900000000","19.9b Population 1,934t Industry","{""Issues Editor"":1,""WA"":1,""Commended"":[""126""],""Postmaster-General"":1,""Issues Author"":19,""General Assembly Resolution Author"":6,""Easter Egg"":2}","{""INFLUENCE-5"":2110,""WELFARE-5"":2539,""REBELYOUTH-5"":3357}"
"63","2","Kylarnatia","Ancient Empire","Enim Silvier, charissimu mater.","Left-Leaning College State","Gholgoth","uploads/kylarnatia__129779.png","legendary","24200000000","24.2b Population 9,612t Industry","{""Roleplay Mentor"":1,""WA"":1,""Postmaster-General"":1,""Issues Author"":1,""Easter Egg"":4}","{""HIGHTAX-1"":63,""HDI-1"":67,""GOVT-1"":72}"
"70","2","Katganistan","Allegedly Furry, Brony, Homosexual, Feminist, Crypto-Marxist, Baby-Eating, Anarcho-Capitalist, Libertarian-Boomer Supposedly Inconsistent Stylishly Evil Empire","Sane, Sensible and Sound.","Scandinavian Liberal Paradise","Kattar","uploads/katganistan__868482.png","legendary","36300000000","36.3b Population 363t Industry","{""Game Mod"":1,""WA"":1,""Founder"":1,""Moderator"":1,""Easter Egg"":2}","{""HAPPY-1"":133,""POPULATION-1"":163,""HEALTHY-1"":894}"
"71","2","SalusaSecondus","Game Administrator's Realm","That which does not kill you only makes you stronger.","Father Knows Best State","The Cuckoos Egg","uploads/salusasecondus__192514.jpg","legendary","35100000000","35.1b Population 5,320t Industry","{""Admin"":1,""Founder"":1,""Moderator"":1,""Issues Author"":3,""Easter Egg"":4}","{""POPULATION-1"":534,""MINING-1"":1028,""GDP-1"":1408}"
"73","2","Knootoss","Dutch Democratic Republic","Libertate Unanimus","Civil Rights Lovefest","Western Atlantic","uploads/knootoss__863758.png","legendary","35500000000","35.5b Population 15,968t Industry","{""Delegate"":1,""Commended"":[""255""],""Postmaster-General"":1,""General Assembly Resolution Author"":6,""Easter Egg"":5}","{""SMART-1"":29,""ADVANCED-1"":38,""TECH-1"":69}"
"82","2","Jakker","Moves Like","It's time to get jakked up","Democratic Socialists","The Black Hawks","uploads/jakker__611724.jpg","legendary","17000000000","17.0b Population 709t Industry","{""Forum Mod"":1,""Condemned"":[""112""],""Moderator"":1}","{""STATIONARY-5"":5558,""POPULATION-5"":8047,""INFLUENCE-10"":10894}"
"83","2","NewTexas","Big Tex Nation","Home of Big Tex!","Anarchy","Texas","uploads/newtexas__439534.jpg","legendary","36800000000","36.8b Population 14,560t Industry","{""Delegate"":1,""Commended"":[""131""],""Founder"":1,""Postmaster-General"":1,""Easter Egg"":6}","{""STATIONARY-1"":3,""INFLUENCE-1"":46,""POPULATION-1"":55}"
"104","2","Zwangzug","Loquacious Lipograms","We pawn n00bs","Left-wing Utopia","Wrigley","uploads/zwangzug__511154.png","legendary","27900000000","27.9b Population 4,552t Industry","{""Issues Editor"":1,""Commended"":[""233""],""Founder"":1,""Postmaster"":1,""Issues Author"":6,""Easter Egg"":2}","{""REBELYOUTH-1"":161,""ECO-GOVT-1"":229,""PEACE-1"":236}"
"307","2","Mousebumples","Moderator Mouse Mommy","The only prescription is more cowbell!","Inoffensive Centrist Democracy","Europeia","uploads/mousebumples__833126.jpg","legendary","35500000000","35.5b Population 7,918t Industry","{""Game Mod"":1,""WA"":1,""Commended"":[""120""],""Moderator"":1,""Historical Resolution Author"":1,""General Assembly Resolution Author"":16,""Security Council Resolution Author"":3,""Easter Egg"":7}","{""INFLUENCE-1"":4,""FISH-1"":209,""WEATHER-1"":379}"
"311","2","Grays Harbor","United Kingdoms","Caballien Misain Ye","Inoffensive Centrist Democracy","Texas","uploads/grays_harbor__564890.jpg","legendary","34200000000","34.2b Population 8,265t Industry","{""Secretariat"":1,""WA"":1,""Commended"":[""288""],""Postmaster"":1,""General Assembly Resolution Author"":3}","{""HAPPY-1"":346,""DEFENSE-1"":347,""AUTO-1"":371}"
"363","2","Lamoni","Corgi-Hawk Hybrid","Lex iniusta non est lex.","Democratic Socialists","Greater Dienstad","uploads/lamoni__924713.png","legendary","36900000000","36.9b Population 10,386t Industry","{""Game Mod"":1,""Roleplay Mentor"":1,""Delegate"":1,""Commended"":[""100""],""Moderator"":1,""Easter Egg"":2}","{""POPULATION-1"":42,""AGRICULTURE-1"":122,""HEALTHY-1"":327}"
"410","2","Luna Amore","Magnificent Desolation","Anything less than immortality is a complete waste of time.","Benevolent Dictatorship","Free Thought","uploads/luna_amore__865806.jpg","legendary","35800000000","35.8b Population 11,821t Industry","{""Game Mod"":1,""Issues Editor"":1,""Commended"":[""170""],""Founder"":1,""Moderator"":1,""Issues Author"":16,""Easter Egg"":5}","{""DRUGS-1"":2,""HAPPY-1"":10,""CULTURE-1"":72}"
"436","2","Automagfreek","New Gothic Empire","We Are Many, Among So Very Few","Inoffensive Centrist Democracy","Gholgoth","uploads/automagfreek__662882.png","legendary","36300000000","36.3b Population 14,824t Industry","{""Condemned"":[""83""],""Founder"":1,""Easter Egg"":1}","{""AUTO-1"":39,""MANUFACTURING-1"":117,""GDP-1"":141}"
"437","2","Omigodtheykilledkenny","Mysterion Rising","You bastards!","Capitalizt","Antarctic Oasis","uploads/omigodtheykilledkenny__869536.jpg","legendary","32100000000","32.1b Population 14,790t Industry","{""Condemned"":[""17""],""Founder"":1,""Site Supporter"":1,""Issues Author"":4,""Historical Resolution Author"":3,""General Assembly Resolution Author"":3,""Easter Egg"":4}","{""RICHINCOME-1"":72,""LOWTAX-1"":76,""WEALTHGAPS-1"":81}"
"459","2","Stoklomolvi","Liaoist Federation","Zhit' stalo luchshe, zhit' stalo veselej!","Inoffensive Centrist Democracy","Minyang","uploads/stoklomolvi__913995.png","legendary","27500000000","27.5b Population 13,854t Industry","{""Founder"":1}","{""SAFE-1"":16,""HDI-1"":23,""LOWCRIME-1"":27}"
"473","2","The Rhein States","E-Democracy","Nullius In Verba","Left-wing Utopia","The North Pacific","uploads/the_rhein_states__62176.jpg","legendary","11100000000","11.1b Population 3,363t Industry","{""WA"":1,""Issues Author"":1,""Easter Egg"":9}","{""ENDORSED-1"":31,""INFLUENCE-1"":172,""ECONOMY-1"":352}"
"491","2","The Macabees","Empire of the Golden Throne","Non Plus Ultra","Anarchy","Greater Dienstad","uploads/the_macabees__312215.jpg","legendary","35800000000","35.8b Population 12,996t Industry","{""Roleplay Mentor"":1,""Commended"":[""237""],""Founder"":1,""Postmaster-General"":1,""Security Council Resolution Author"":1,""Easter Egg"":5}","{""WEALTHGAPS-1"":99,""LOWTAX-1"":156,""RICHINCOME-1"":163}"
"582","2","Bears Armed","Free Bears","Do we WHAT in the woods?","Anarchy","International Democratic Union","uploads/bears_armed__785828.jpg","legendary","29500000000","29.5b Population 9,799t Industry","{""Secretariat"":1,""Commended"":[""124""],""Postmaster"":1,""Issues Author"":6,""Easter Egg"":6}","{""CULTURE-1"":15,""HAPPY-1"":103,""BASKET-1"":128}"
"673","2","Eluvatar","Royal Confederacy","Man i waithtir nin tiruva?","New York Times Democracy","Taijitu","uploads/eluvatar__711679.png","legendary","27700000000","27.7b Population 4,201t Industry","{""Admin"":1,""Issues Editor"":1,""Commended"":[""129""],""Moderator"":1}","{""GDP-5"":2117,""POPULATION-5"":2345,""STATIONARY-5"":2412}"
"900","2","Independent Planets","Concordium","Freedom above all","Liberal Democratic Socialists","Texas","Greenland.png","legendary","30600000000","30.6b Population 10,268t Industry","{""WA"":1,""Issues Author"":1}","{""SAFE-1"":22,""HAPPY-1"":31,""PUBLICTRANSPORT-1"":35}"
"1012","2","Kindjal","Queendom","Qui peut le moins peut le encore moins","Liberal Democratic Socialists","Groland","uploads/kindjal__320200.jpg","legendary","36400000000","36.4b Population 6,927t Industry","{""Delegate"":1,""Founder"":1}","{""COMPASSIONATE-1T"":1,""PEACE-1T"":1,""LOWCRIME-1T"":1}"
"1014","2","The Grendels","Indomitable Borderlands","The Paragon of Corporate Power and Style since 2002.","Compulsory Consumerist State","Wysteria","uploads/the_grendels__709977.png","legendary","36900000000","36.9b Population 34,412t Industry","{""Easter Egg"":7}","{""WEALTHGAPS-1T"":1,""RICHINCOME-1"":4,""DISPINCOME-1"":4}"
"1023","2","Pogaria","Holy Empire","Join us or go to hell.","Democratic Socialists","The Empire","Guernsey.png","legendary","36500000000","36.5b Population 2,435t Industry","{""Issues Editor"":1,""WA"":1,""Founder"":1,""Postmaster"":1,""Issues Author"":5,""Easter Egg"":2}","{""STATIONARY-1"":2,""POPULATION-1"":118,""WEATHER-1"":234}"
"1089","2","Kyrusia","Most Caprine Malevolence","My peace has always depended on all the ashes in my wake.","Capitalizt","The Local Cluster","uploads/kyrusia__743076.png","legendary","18100000000","18.1b Population 1,711t Industry","{""Game Mod"":1,""Roleplay Mentor"":1,""Moderator"":1,""Easter Egg"":1}","{""WEALTHGAPS-1"":318,""CRIME-1"":1431,""LOWTAX-1"":1470}"
"1201","2","Goodnamesarerare","People's Republic","Bush sucks!","Democratic Socialists","The East Pacific","china","legendary","34700000000","34.7b Population 19,882t Industry","{""WA"":1}","{""SMART-1"":4,""CULTURE-1"":5,""GOVT-1"":13}"
"1234","2","PurDunamis","Eigenstate","Have It My Way","Benevolent Dictatorship","Northern Europe","united_kingdom--53","legendary","36900000000","36.9b Population 19,200t Industry","{""Founder"":1,""Easter Egg"":4}","{""PIZZA-1"":26,""POPULATION-1"":45,""GDP-1"":73}"
"1463","2","Auralia","Catholic Commonwealth","Amor sequitur cognitionem.","New York Times Democracy","Catholic","uploads/auralia__275690.jpg","legendary","16399999999","16.4b Population 3,286t Industry","{""WA"":1,""Postmaster-General"":1,""Issues Author"":1,""General Assembly Resolution Author"":19,""Easter Egg"":2}","{""LEASTCORRUPT-1"":717,""DEVOUT-1"":900,""AGRICULTURE-1"":1073}"
"1522","2","Great Nepal","United Kingdom","Motherland is Greater than Heaven","Father Knows Best State","Osiris","Nepal.png","legendary","21400000000","21.4b Population 7,194t Industry","{""Condemned"":[""24""],""Postmaster-General"":1,""Issues Author"":1,""Easter Egg"":4}","{""DISPINCOME-1"":477,""AUTO-1"":490,""ADVANCED-1"":563}"
"1523","2","Glen-Rhodes","Commonwealth","Concordia Parvae Res Crescunt","Civil Rights Lovefest","the South Pacific","uploads/glen-rhodes__522152.jpg","legendary","24900000000","24.9b Population 3,203t Industry","{""Commended"":[""70""],""Site Supporter"":1,""Issues Author"":1,""General Assembly Resolution Author"":7,""Easter Egg"":2}","{""PUBLISHING-1"":1159,""WELFARE-1"":1642,""POPULATION-5"":3269}"
"1538","2","Christian Democrats","Most Holy and Grand Empire","Iesus via et veritas et vita est","New York Times Democracy","Catholic","uploads/christian_democrats__100575.png","legendary","22600000000","22.6b Population 5,168t Industry","{""Delegate"":1,""Postmaster-General"":1,""Issues Author"":4,""General Assembly Resolution Author"":11,""Security Council Resolution Author"":1,""Easter Egg"":4}","{""APATHETIC-1"":140,""DEVOUT-1"":211,""PUBLISHING-1"":422}"
"1915","2","Tzo","Just","For Mercy and Justice","Left-wing Utopia","10000 Islands","uploads/tzo","legendary","32500000000","32.5b Population 7,784t Industry","{""WA"":1,""Easter Egg"":4}","{""INCLUSIVE-1T"":1,""CULTURE-1T"":1,""SMART-1"":2}"
"2199","2","Kandarin","Republic","As long as there is light, we will shine","Democratic Socialists","the Rejected Realms","uploads/kandarin__991828.jpg","legendary","35000000000","35.0b Population 3,738t Industry","{""Commended"":[""2""],""Postmaster"":1,""Issues Author"":2,""Security Council Resolution Author"":1}","{""AUTO-1"":256,""POPULATION-1"":557,""WELFARE-1"":845}"
"3004","2","Daedra1a","Modern Portfolio Theory","DULCE ET DECORUM EST PRO PATRIA MORI","Capitalist Paradise","Daedra1a Zombie Fort","uploads/daedra1a__642597.jpg","legendary","30400000000","30.4b Population 27,723t Industry","{""Founder"":1,""Easter Egg"":5}","{""LOWTAX-1"":2,""CHEESE-1"":3,""DISPINCOME-1"":5}"
"3045","2","Yaorozu","Rising Sun's Land","ÂÖ´Áôæ‰∏á„ÅÆÁ•ûÂ§©ÂÆâ„ÅÆÊ≤≥Âéü„Å´Á•ûÈõÜ„Å≤","Authoritarian Democracy","The North Pacific","uploads/yaorozu__785436.jpg","legendary","28000000000","28.0b Population 6,340t Industry","{""WA"":1,""Postmaster-General"":1,""Easter Egg"":6}","{""HDI-1"":4,""LIFE-1"":6,""HEALTHY-1"":7}"
"3065","2","Escalan Corps-Star Island","P√°rnalen-√çstmenid","√âsten | P√°kzin | Ek√≠lad","Civil Rights Lovefest","Ordis","uploads/escalan_corps-star_island__579397.jpg","legendary","16600000000","16.6b Population 7,336t Industry","{""Delegate"":1,""Issues Author"":1,""Easter Egg"":4}","{""SODA-1"":32,""BUSINESS-1"":58,""REBELYOUTH-1"":83}"
"3260","2","Kundu","Great Empire","Libertate, aequalitatem, fraternitatis","Democratic Socialists","Gay","uploads/kundu__678468.png","legendary","32100000000","32.1b Population 9,616t Industry","{""Delegate"":1,""Historical Resolution Author"":1}","{""SAFE-1"":88,""POLICE-1"":100,""HEALTHY-1"":155}"
"3396","2","Tzuland","Military Dictatorship","Ignorance is Bliss","Iron Fist Consumerists","Yggdrasil","uploads/tzuland__697174.jpg","legendary","16300000000","16.3b Population 17,730t Industry","{""WA"":1,""Postmaster-General"":1,""Easter Egg"":4}","{""POLICE-1"":3,""POORINCOME-1"":3,""INCOME-1"":5}"
"3626","2","Look at me","Zombie Nukers","EVIL","Corporate Police State","The Axis of Evil","uploads/look_at_me__25173.jpg","legendary","36900000000","36.9b Population 24,387t Industry","{""Founder"":1,""Easter Egg"":6}","{""AUTO-1"":29,""AGRICULTURE-1"":30,""GDP-1"":37}"
"3811","2","Smiley Bob","Emoticons","Where's my wallet?","Democratic Socialists","Hollow Point","uploads/smiley_bob__175991.png","legendary","24800000000","24.8b Population 4,072t Industry","{""Delegate"":1,""Founder"":1,""Site Supporter"":1,""Easter Egg"":7}","{""APATHETIC-1"":3,""CULTURE-1"":20,""HEALTHY-1"":34}"
"4009","2","YoriZ","Xenopolis","‚í∂rtists, not ‚í∂rmies!","Left-wing Utopia","Anarchy","uploads/yoriz__796324.jpg","legendary","33700000000","33.7b Population 11,491t Industry","{""Delegate"":1,""Postmaster-General"":1,""Security Council Resolution Author"":1,""Easter Egg"":7}","{""BLACKMARKET-1"":39,""TECH-1"":59,""CRIME-1"":74}"
"4108","2","Old Tyrannia","Grand Fascist Empire","Si non confectus, non reficiat","Father Knows Best State","The Tyrannian Empire","uploads/old_tyrannia__7579.jpg","legendary","22500000000","22.5b Population 2,415t Industry","{""Game Mod"":1,""Founder"":1,""Moderator"":1}","{""AUTO-1"":848,""STATIONARY-5"":3045,""POPULATION-5"":4191}"
"5109","2","Ransium","game mod, prolific issue editor and author, prolific WA author in both the GA and SC, long time delegate of Forest, commended nation, surely I‚Äôm worth a few more bank","Semper Virens","Liberal Democratic Socialists","Forest","uploads/ransium__384995.jpg","legendary","28600000000","28.6b Population 4,039t Industry","{""Game Mod"":1,""Issues Editor"":1,""Delegate"":1,""Commended"":[""236""],""Moderator"":1,""Issues Author"":22,""General Assembly Resolution Author"":5,""Security Council Resolution Author"":5,""Easter Egg"":5}","{""ECO-GOVT-1"":4,""WEATHER-1"":24,""HEALTHCARE-1"":49}"
"5518","2","Farnhamia","Seren√¨sima Rep√πblica","íÄ≠Non Calor Sed Umor. Atque Panes Panisci.","Father Knows Best State","Zhaucauozian Friendship","uploads/farnhamia__229958.png","legendary","27600000000","27.6b Population 5,974t Industry","{""Game Mod"":1,""WA"":1,""Moderator"":1}","{""PUBLISHING-1"":25,""HAPPY-1"":272,""NICE-1"":278}"
"6003","2","Dutchyland","Mystical Isles","Hey moderators is this motto against the rules too?","Left-wing Utopia","The North Pacific","uploads/dutchyland__849092.png","legendary","17000000000","17.0b Population 5,523t Industry","{""WA"":1,""Easter Egg"":2}","{""WELFARE-1"":37,""AID-1"":42,""SAFE-1"":46}"
"6542","2","Uniserve","Incorporated States","Our upstream provider did it!","Iron Fist Consumerists","Rejected Realms","uploads/uniserve","legendary","33500000000","33.5b Population 40,892t Industry","{""Easter Egg"":2}","{""MINING-1T"":1,""GODFORSAKEN-1T"":1,""TIMBER-1T"":1}"
"6931","2","Undivulged Principles","Confederacy","What goes around, comes around.","Left-wing Utopia","Eladen","uploads/undivulged_principles","legendary","36500000000","36.5b Population 38,916t Industry","{""Founder"":1,""Easter Egg"":4}","{""CHEESE-1T"":1,""FISH-1T"":1,""POORINCOME-1T"":1}"
"8106","2","G C Bakura","Shining Islands","It's Time to Draw!","Democratic Socialists","The Drawception Community Domains","uploads/g_c_bakura__878611.png","legendary","22300000000","22.3b Population 12,149t Industry","{""Easter Egg"":4}","{""GOVT-1"":16,""SMART-1"":20,""HDI-1"":22}"
"8268","2","Ferrianona","Green Regency","0","Authoritarian Democracy","Laissez Faireholm","uploads/ferrianona__888729.jpg","legendary","20800000000","20.8b Population 8,052t Industry","{""Delegate"":1,""Easter Egg"":5}","{""LOWCRIME-1"":21,""HDI-1"":25,""LIFE-1"":31}"
"8345","2","Ral Ixshida","Ral System Capital World","For the Empire - For the Triforce - For the Goddess","Scandinavian Liberal Paradise","The Empire of Triphoria","uploads/ral_ixshida__832873.jpg","legendary","30400000000","30.4b Population 8,803t Industry","{""Founder"":1,""Site Supporter"":1}","{""EMPLOYED-1T"":1,""LEASTCORRUPT-1T"":1,""CULTURE-1"":2}"
"8785","2","Aurora Islands","Armed Corporations","If you have money, nothing is impossible!","Capitalist Paradise","Commonwealth of Liberty","uploads/aurora_islands__208070.png","legendary","25400000000","25.4b Population 22,137t Industry","{""Easter Egg"":6}","{""ECONOMY-1"":5,""RICHINCOME-1"":7,""DISPINCOME-1"":7}"
"10363","2","Despoticania","Despotic Dictatorship","God was a dream of good government.","Corrupt Dictatorship","The Alliance of Dictators","uploads/despoticania__722278.png","legendary","29100000000","29.1b Population 29,120t Industry","{""WA"":1,""Founder"":1,""Easter Egg"":2}","{""ADVANCED-1T"":1,""BASKET-1"":2,""POORINCOME-1"":2}"
"11615","2","Little Flowers","Empire","Roses have thorns!","Capitalizt","Eladen","uploads/little_flowers__102306.png","legendary","36500000000","36.5b Population 35,049t Industry","{""Easter Egg"":4}","{""ARMED-1T"":1,""WEALTHGAPS-1"":2,""ECONOMY-1"":2}"
"11936","2","GeodesicDragon","Apocalypse","Glory to the Apocalypse!","Corporate Police State","Friends of the Apocalypse","uploads/geodesicdragon__818068.png","legendary","17300000000","17.3b Population 10,259t Industry","{""Founder"":1,""Site Supporter"":1,""Issues Author"":3,""Easter Egg"":6}","{""TIMBER-1"":30,""MINING-1"":32,""DEFENSE-1"":38}"
"12217","2","Neutraligon","I am the Night","You shall receive, Mercy","New York Times Democracy","Mystria","uploads/neutraligon__818687.png","legendary","17900000000","17.9b Population 1,113t Industry","{""Game Mod"":1,""Moderator"":1}","{""STATIONARY-1"":1547,""LEASTCORRUPT-5"":4996,""INFLUENCE-5"":6125}"
"12593","2","Starblaydia","Holy Purple Haze","Fides, Gloria, Sanguis","Father Knows Best State","Atlantian Oceania","uploads/starblaydia__285880.png","legendary","34200000000","34.2b Population 5,600t Industry","{""Game Mod"":1,""Commended"":[""40""],""Moderator"":1,""Easter Egg"":1}","{""STATIONARY-1"":163,""FURNITURE-1"":628,""POPULATION-1"":774}"
"12856","2","Cavallino33","Automotive Principality","One nation under il cavallino rampante","Compulsory Consumerist State","Allied Automobile Empire","uploads/cavallino33__854676.jpg","legendary","30900000000","30.9b Population 22,272t Industry","{""Founder"":1,""Easter Egg"":2}","{""GODFORSAKEN-1"":6,""FAT-1"":9,""DEATH-1"":13}"
"13123","2","Elejamie","Unified Tracts","Inimicum quamvis humilem metuendem est","Civil Rights Lovefest","The East Pacific","uploads/elejamie__70142.png","legendary","23000000000","23.0b Population 10,267t Industry","{""WA"":1,""Easter Egg"":4}","{""HDI-1"":18,""LIFE-1"":24,""HEALTHY-1"":27}"
"13503","2","Sierra Lyricalia","Free Market Communists","Veritas potentiae et actio interfationis libera","Civil Rights Lovefest","Anarchy","uploads/sierra_lyricalia__755754.png","legendary","18600000000","18.6b Population 2,727t Industry","{""Secretariat"":1,""Postmaster-General"":1,""Issues Author"":3,""General Assembly Resolution Author"":1,""Easter Egg"":4}","{""LEASTCORRUPT-1"":804,""HAPPY-1"":966,""REBELYOUTH-1"":999}"
"13522","2","Corsaria","Empire","Personal sacrifice for the betterment of all.","Corrupt Dictatorship","Katasia","Albania.png","legendary","35900000000","35.9b Population 16,133t Industry","{""Easter Egg"":2}","{""HDI-1T"":1,""HEALTHY-1T"":1,""LIFE-1T"":1}"
"13616","2","Xoriet","Senator Ice Princess","Justice Upon All.","Corrupt Dictatorship","the Pacific","uploads/xoriet__650628.jpg","legendary","15700000000","15.7b Population 4,062t Industry","{""WA"":1,""Commended"":[""266""],""Postmaster-General"":1,""Security Council Resolution Author"":3,""Easter Egg"":7}","{""HAPPY-1"":506,""PEACE-1"":587,""ECONOMY-1"":647}"
"13923","2","G-Tech Corporation","Landsraad Hegemony","Ever upwards and forwards, for only in progress is hope","Democratic Socialists","The Pristine Wilderness","uploads/g-tech_corporation__207889.jpg","legendary","20600000000","20.6b Population 8,709t Industry","{""Roleplay Mentor"":1,""Founder"":1,""Postmaster"":1,""Easter Egg"":7}","{""CHEESE-1"":110,""POORINCOME-1"":171,""DISPINCOME-1"":199}"
"13959","2","Wilkshire","Republic","Everyone for everyone else","Left-Leaning College State","The North Pacific","uploads/wilkshire","legendary","35900000000","35.9b Population 9,474t Industry","{""WA"":1}","{""WEATHER-1"":4,""NICE-1"":5,""HDI-1"":5}"
"14523","2","Artoonia","Artoonian Empire","Artuanoj Iras La Domo","Anarchy","The Satellite of Love","uploads/artoonia__479832.jpg","legendary","34100000000","34.1b Population 15,101t Industry","{""Founder"":1,""Easter Egg"":6}","{""CRIME-1"":23,""ARMED-1"":23,""APATHETIC-1"":24}"
"16629","2","Sunset","Republic","Not Thickness of Chains but Strength of Ideals","Civil Rights Lovefest","The Vast","uploads/sunset__843251.jpg","legendary","36900000000","36.9b Population 18,601t Industry","{""Roleplay Mentor"":1,""Postmaster"":1,""Easter Egg"":2}","{""ADVANCED-1"":4,""SMART-1"":7,""TECH-1"":30}"
"17541","2","Qvait","Valkyrian Republic","Peace, Freedom, and Democracy","Left-wing Utopia","the South Pacific","uploads/qvait__634442.png","legendary","17000000000","17.0b Population 5,241t Industry","{""WA"":1,""Postmaster-General"":1}","{""HDI-1"":61,""LIFE-1"":74,""HEALTHY-1"":84}"
"17842","2","Blogotopia","Anarchy","Bite Me","Democratic Socialists","10000 Islands","uploads/blogotopia__810176.jpg","legendary","32299999999","32.3b Population 12,345t Industry","{""WA"":1}","{""REBELYOUTH-1T"":1,""WELFARE-1T"":1,""EDUCATED-1T"":1}"
"18983","2","Los Santos","Very Large Safari Park","Mata ai ni kurukarane","Iron Fist Consumerists","Nintendo","uploads/los_santos__886041.jpg","legendary","33799999999","33.8b Population 21,136t Industry","{""Delegate"":1,""Founder"":1,""Site Supporter"":1,""Easter Egg"":2}","{""CORRUPT-1"":8,""INSURANCE-1"":9,""TIMBER-1"":26}"
"22088","2","Topid","Free State","He who allows oppression shares the crime.","Capitalizt","St Abbaddon","uploads/topid__203748.png","legendary","23200000000","23.2b Population 6,655t Industry","{""Commended"":[""98""],""Postmaster-General"":1,""General Assembly Resolution Author"":4,""Security Council Resolution Author"":8,""Easter Egg"":5}","{""PIZZA-1"":215,""LOWTAX-1"":281,""SODA-1"":318}"
"26476","2","Naughty Slave Girls","Plantation","If all else fails, give her the whip","Capitalizt","The Slave Guilds","uploads/naughty_slave_girls__945274.jpg","legendary","30400000000","30.4b Population 10,452t Industry","{""Delegate"":1,""Founder"":1,""Easter Egg"":2}","{""PIZZA-1"":53,""WEALTHGAPS-1"":75,""APATHETIC-1"":87}"
"26706","2","McMasterdonia","Delegate","You have nothing to fear, if you have nothing to hide.","Mother Knows Best State","The North Pacific","uploads/mcmasterdonia__566522.png","legendary","15600000000","15.6b Population 2,366t Industry","{""Delegate"":1,""Commended"":[""151""],""Postmaster-General"":1,""Security Council Resolution Author"":3,""Easter Egg"":2}","{""ENDORSED-1T"":1,""INFLUENCE-1"":364,""BLACKMARKET-5"":3125}"
"29947","2","New Good Order","Republic","Better Living through Cooperation and Science","New York Times Democracy","The Subantarctic","uploads/new_good_order__740045.jpg","legendary","19500000000","19.5b Population 7,380t Industry","{""Founder"":1}","{""SAFE-1"":69,""EMPLOYED-1"":77,""SMART-1"":97}"
"32664","2","Valkalan","Directorate","‡§µ‡§ú‡•ç‡§∞‡§Æ‡§æ‡§§ ‡§Ö‡§∏‡•ç‡§§‡§æ ‡§∞‡§ø‡§ú‡§•‡§Æ","Compulsory Consumerist State","Zarathustra","uploads/valkalan__850969.png","legendary","20500000000","20.5b Population 12,801t Industry","{""Founder"":1,""Easter Egg"":5}","{""ADVANCED-1"":25,""LOWTAX-1"":47,""DISPINCOME-1"":49}"
"35884","2","Drasnia","Northern Marshes","A nation of merchants, spies, and merchants who spy.","Anarchy","Forest","uploads/drasnia__184548.png","legendary","15000000000","15.0b Population 5,516t Industry","{""Commended"":[""224""],""Postmaster-General"":1,""Issues Author"":14,""Security Council Resolution Author"":1,""Easter Egg"":7}","{""SODA-1"":37,""CRIME-1"":45,""DEATH-1"":54}"
"36056","2","Separatist Peoples","Confederate Dominion","Nemo vir est qui mundum non reddat meliorem?","Civil Rights Lovefest","International Democratic Union","uploads/separatist_peoples__915898.png","legendary","16700000000","16.7b Population 3,999t Industry","{""Secretariat"":1,""WA"":1,""Commended"":[""193""],""Postmaster-General"":1,""Issues Author"":1,""General Assembly Resolution Author"":15,""Easter Egg"":5}","{""LEASTCORRUPT-1"":667,""ARMS-1"":936,""RUDE-1"":939}"
"38011","2","Teaberry","Northern Hinterland","Pithy Latin phrase.","Left-Leaning College State","North Wibble","Nepal.png","legendary","32000000000","32.0b Population 9,758t Industry","{""Founder"":1,""Issues Author"":1,""Easter Egg"":4}","{""HEALTHCARE-1"":157,""EDUCATED-1"":169,""CHEESE-1"":180}"
"38546","2","The Centauri","Burlesque Republic","What do you want you Moon-Faced Assassin of Joy?","Compulsory Consumerist State","Wysteria","uploads/the_centauri__657074.jpg","legendary","36600000000","36.6b Population 33,771t Industry","{""Easter Egg"":7}","{""RICHINCOME-1"":5,""LOWTAX-1"":6,""DISPINCOME-1"":6}"
"42223","2","Sciongrad","Monarchical Republic","Esta √© a Ditosa P√°tria Minha Amada","Left-wing Utopia","International Democratic Union","uploads/sciongrad__908654.png","legendary","16700000000","16.7b Population 2,181t Industry","{""Secretariat"":1,""WA"":1,""Commended"":[""178""],""Postmaster"":1,""General Assembly Resolution Author"":13}","{""ECO-GOVT-1"":268,""WELFARE-1"":408,""AID-1"":504}"
"45657","2","Cogitation","Modified Democratic States","Think about it for a moment.","Civil Rights Lovefest","The Realm of Ambrosia","united_states--56","legendary","36900000000","36.9b Population 6,730t Industry","{""Game Mod"":1,""WA"":1,""Founder"":1,""Moderator"":1}","{""POPULATION-1"":28,""HAPPY-1"":185,""WEATHER-1"":416}"
"49714","2","The Bruce","Green and Pleasant Dominion","There is a Dream, Dreaming Us.","New York Times Democracy","Wysteria","uploads/the_bruce__462614.jpg","legendary","36900000000","36.9b Population 13,506t Industry","{""Commended"":[""125""],""Founder"":1,""Easter Egg"":5}","{""AUTO-1T"":1,""APATHETIC-1"":19,""POPULATION-1"":30}"
"50182","2","Lancaster of Wessex","Most Ancient and Noble House","Noli irritare leones","Liberal Democratic Socialists","House of Lancaster of Wessex","uploads/lancaster_of_wessex__223491.jpg","legendary","34500000000","34.5b Population 11,641t Industry","{""Founder"":1,""Site Supporter"":1,""Issues Author"":5}","{""HAPPY-1"":42,""PUBLISHING-1"":90,""LEASTCORRUPT-1"":128}"
"56527","2","Eta Carinae","Anti-Harry Potter Prison","Anyone caught with Harry Potter will be EXECUTED!","Psychotic Dictatorship","Hell","uploads/eta_carinae__926698.jpg","legendary","36900000000","36.9b Population 11,836t Industry","{""Issues Author"":7,""Easter Egg"":2}","{""POPULATION-1"":34,""INSURANCE-1"":106,""AGRICULTURE-1"":238}"
"65924","2","A mean old man","Weed-choked lawn","Always fighting crime -- especially youth-related.","Father Knows Best State","The East Pacific","uploads/a_mean_old_man__970534.jpg","legendary","22000000000","22.0b Population 7,593t Industry","{""WA"":1,""Postmaster-General"":1,""General Assembly Resolution Author"":1,""Security Council Resolution Author"":9,""Easter Egg"":2}","{""FISH-1"":29,""CHEESE-1"":114,""INSURANCE-1"":208}"
"70136","2","Saltanyas","People's Republic","Work is Play","Left-wing Utopia","Frankfurter Schule","uploads/saltanyas__600054.jpg","legendary","15400000000","15.4b Population 5,111t Industry","{""Founder"":1,""Easter Egg"":4}","{""EDUCATED-1"":34,""INCLUSIVE-1"":45,""WELFARE-1"":45}"
"71274","2","Audioslavia","Card you're holding is that","Me","Civil Rights Lovefest","Atlantian Oceania","uploads/audioslavia__958092.png","legendary","29900000000","29.9b Population 2,550t Industry","{""Game Mod"":1,""WA"":1,""Moderator"":1,""Easter Egg"":1}","{""AGRICULTURE-1"":1473,""STATIONARY-5"":1751,""POPULATION-5"":1794}"
"72454","2","Mindalia","Pristine Redoubt","All in the world is magic.","Civil Rights Lovefest","The Green World","uploads/mindalia__798742.jpg","legendary","34900000000","34.9b Population 16,581t Industry","{""WA"":1,""Founder"":1,""Easter Egg"":4}","{""PUBLISHING-1"":6,""CULTURE-1"":8,""SMART-1"":18}"
"72976","2","Trixmonia","Ironwill Dictatorship","Why bother?","Iron Fist Consumerists","Scandinavia","vanuatu--67","legendary","36600000000","36.6b Population 30,205t Industry","{""Easter Egg"":2}","{""STATIONARY-1"":16,""DISPINCOME-1"":16,""INSURANCE-1"":17}"
"73929","2","Northern Borland","Allied Corporate Empire","A Good Place to Raise Your Business","Anarchy","Capitalist Paradise","uploads/northern_borland","legendary","33400000000","33.4b Population 34,498t Industry","{""Postmaster-General"":1,""Easter Egg"":6}","{""DISPINCOME-1T"":1,""SODA-1T"":1,""FAT-1T"":1}"
"74157","2","The Talisman","Monocratic Roman Empire","Quid Faceret Caesar?","Inoffensive Centrist Democracy","The Roman Empire Reborn","uploads/the_talisman","legendary","34900000000","34.9b Population 12,072t Industry","{""WA"":1,""Founder"":1,""Easter Egg"":1}","{""SAFE-1"":25,""APATHETIC-1"":66,""PUBLICTRANSPORT-1"":79}"
"77834","2","East Borland","Exalted Supremacy","Crush Their Spirits and You Will Control Their Minds","Iron Fist Consumerists","The Alliance of Dictators","uploads/east_borland","legendary","33900000000","33.9b Population 28,338t Industry","{""Easter Egg"":15}","{""AVOIDED-1T"":1,""CORRUPT-1T"":1,""MINING-1"":7}"
"84053","2","Nation of Quebec","Free Secular Federation","In Freedom We Trust","Left-wing Utopia","Capitalist Paradise","uploads/nation_of_quebec__669590.jpg","legendary","30200000000","30.2b Population 14,574t Industry","{""Issues Editor"":1,""Commended"":[""190""],""Postmaster-General"":1,""Issues Author"":83,""Easter Egg"":5}","{""GODFORSAKEN-1"":19,""CHEESE-1"":50,""LEASTCORRUPT-1"":55}"
"84592","2","ABU AMMAR","Holiest Flavor","EIEIEIEIEIEEIEIEIEIEIIEIEIEIEIEIIEIEEIEI","Father Knows Best State","Holy Lands","mozambique","legendary","37000000000","37.0b Population 35,138t Industry","{""WA"":1,""Founder"":1,""Easter Egg"":2}","{""DISPINCOME-1"":3,""ECONOMY-1"":3,""GDP-1"":5}"
"85458","2","Anaxphonia","Armed Republic","Civilized People Are The Best Defense Against Tyranny","Anarchy","Spoiled Cats","Botswana.png","legendary","26700000000","26.7b Population 15,333t Industry","{""Founder"":1,""Easter Egg"":7}","{""SODA-1"":33,""RUDE-1"":46,""SMART-1"":59}"
"85647","2","North East Somerset","Kingdom","Fram!","Left-Leaning College State","Balder","uploads/north_east_somerset__310451.png","legendary","33000000000","33.0b Population 5,935t Industry","{""Delegate"":1,""Condemned"":[""286""],""Postmaster-General"":1}","{""ENDORSED-1"":175,""INFLUENCE-1"":463,""PIZZA-1"":854}"
"86954","2","Myrth","NPO High Inquisitor","You may all stop clapping at the ringing of the bell.","Compulsory Consumerist State","the Pacific","uploads/myrth__181023.png","legendary","36800000000","36.8b Population 28,498t Industry","{""Retired Moderator"":1,""Issues Author"":1,""Easter Egg"":4}","{""RICHINCOME-1"":14,""DISPINCOME-1"":22,""GDP-1"":24}"
"93310","2","Psypheria","Liberated Cartel","Anything goes ... usually for a good price","Capitalist Paradise","Oubliette","scotland","legendary","31200000000","31.2b Population 19,788t Industry","{""Founder"":1,""Easter Egg"":4}","{""LOWTAX-1"":17,""SODA-1"":22,""PIZZA-1"":27}"
"95034","2","Pythagosaurus","General Vicinity","Leave the trolls alone.","Civil Rights Lovefest","Q102","default","legendary","32700000000","32.7b Population 5,411t Industry","{""Admin"":1,""WA"":1,""Moderator"":1,""Easter Egg"":1}","{""APATHETIC-1"":547,""SODA-1"":585,""POPULATION-1"":1096}"
"102557","2","Kaigi","Kingdom","If you lived here, you'd be eating pie by now.","Father Knows Best State","The East Pacific","wales--80","legendary","33600000000","33.6b Population 12,051t Industry","{""WA"":1}","{""HAPPY-1T"":1,""WEATHER-1"":5,""APATHETIC-1"":8}"
"104805","2","Sentient Peoples","Federation","Ne invoces expellere non possis","Compulsory Consumerist State","Dor Lomin","Default.png","legendary","35000000000","35.0b Population 12,752t Industry","{""Founder"":1,""Issues Author"":2,""Easter Egg"":1}","{""GDP-1"":214,""DISPINCOME-1"":331,""LOWTAX-1"":368}"
"105543","2","Tenkistan","Holy Empire","Boil 'em, mash 'em, stick 'em in a stew!","Anarchy","Board 8","uploads/tenkistan__46046.jpg","legendary","33000000000","33.0b Population 15,341t Industry","{""WA"":1,""Easter Egg"":5}","{""REBELYOUTH-1"":2,""CRIME-1"":8,""ARMED-1"":12}"
"105657","2","Free Socialism","Culture","Of each according to ability to each according to need.","Left-wing Utopia","Anticapitalist Alliance","uploads/free_socialism__944284.jpg","legendary","36200000000","36.2b Population 19,622t Industry","{""Easter Egg"":2}","{""SMART-1T"":1,""GOVT-1"":5,""GODFORSAKEN-1"":5}"
"107898","2","The Stalker","Mad King of Hell","I am the daringest devil you've ever met, love.","Iron Fist Consumerists","Hell","uploads/the_stalker__321125.jpg","legendary","16399999999","16.4b Population 12,036t Industry","{""Delegate"":1,""Postmaster-General"":1,""Security Council Resolution Author"":1,""Easter Egg"":6}","{""GAMBLING-1T"":1,""STUPID-1"":3,""DEVOUT-1"":5}"
"108485","2","Otaku Stratus","Athenian Paradise","Think, stupid!","Civil Rights Lovefest","Japan","uploads/otaku_stratus__972463.png","legendary","36000000000","36.0b Population 16,335t Industry","{""Delegate"":1,""Postmaster-General"":1,""Easter Egg"":4}","{""REBELYOUTH-1"":4,""EMPLOYED-1"":46,""RUDE-1"":53}"
"108964","2","Szczuropolis","Vermindom","Omnium rerum rattus mensura est","New York Times Democracy","Dragon","uploads/szczuropolis__724178.png","legendary","32500000000","32.5b Population 11,778t Industry","{""WA"":1,""Site Supporter"":1,""Issues Author"":1,""Easter Egg"":6}","{""CHEESE-1"":9,""ENVIRONMENT-1"":52,""INCLUSIVE-1"":92}"
"113945","2","S_diego","Capitalistic Republic","don't steal. the government hates competition","Left-Leaning College State","punk","russia","legendary","35200000000","35.2b Population 15,563t Industry","{""Founder"":1,""Easter Egg"":2}","{""AUTO-1"":52,""APATHETIC-1"":67,""GAMBLING-1"":90}"
"115090","2","Mograpelandia","Idyllic Paradise","A Starbucks on every corner!","Inoffensive Centrist Democracy","Lake Golumania","uploads/mograpelandia__964870.jpg","legendary","36300000000","36.3b Population 13,948t Industry","{""Founder"":1,""Easter Egg"":2}","{""NICE-1"":10,""PEACE-1"":12,""HAPPY-1"":13}"
"121583","2","Draconis Nightcrawlis","Einherjers","Leve Vikingeaanden","Psychotic Dictatorship","Viking Europe","Palestine.png","legendary","35500000000","35.5b Population 14,671t Industry","{""Founder"":1}","{""GODFORSAKEN-1"":16,""BLACKMARKET-1"":22,""LOWCRIME-1"":28}"
"123478","2","Bright Angel","Sadistic Republic","Get Outa Here!!","Iron Fist Consumerists","Macfora Forever","uploads/bright_angel__737275.jpg","legendary","31800000000","31.8b Population 38,663t Industry","{""Easter Egg"":2}","{""MANUFACTURING-1T"":1,""BLACKMARKET-1"":2,""FURNITURE-1"":2}"
"125829","2","Godular","An'Kazar Control Framework","I am Legion, We are One","New York Times Democracy","The Godulus Empire","uploads/godular","legendary","33200000000","33.2b Population 18,321t Industry","{""Founder"":1,""Easter Egg"":2}","{""ADVANCED-1"":6,""SMART-1"":23,""ECONOMY-1"":51}"
"128013","2","Theorin","Dracocracy","We have no beginning. We have no end. We are infinite.","Inoffensive Centrist Democracy","the South Pacific","uploads/theorin__767125.png","legendary","17900000000","17.9b Population 6,090t Industry","{""WA"":1,""Easter Egg"":5}","{""SAFE-1"":33,""HDI-1"":38,""TOURISM-1"":41}"
"129430","2","Eaischpnaeieacgkque Bhcieaghpodsttditf","Ubermensch Serene Socialists","Doe maar Normaal, dan doe je al gek genoeg","Libertarian Police State","United Governments of NationStates","uploads/eaischpnaeieacgkque_bhcieaghpodsttditf__67833.jpg","legendary","15200000000","15.2b Population 8,238t Industry","{""Founder"":1,""Issues Author"":4,""Easter Egg"":12}","{""GOVT-1"":161,""INCOME-1"":192,""ADVANCED-1"":205}"
"137159","2","Abacathea","Gatekeeper","Superba, Pace, Posteris","Inoffensive Centrist Democracy","International Democratic Union","uploads/abacathea__944049.jpg","legendary","10100000000","10.1b Population 1,155t Industry","{""WA"":1,""Commended"":[""133""],""Postmaster-General"":1,""General Assembly Resolution Author"":7,""Security Council Resolution Author"":8,""Easter Egg"":4}","{""HAPPY-5"":1774,""PUBLISHING-5"":2280,""NICE-5"":3306}"
"140622","2","Zulanka","Workers' State","¬°Hasta la Victoria Siempre!","Left-wing Utopia","The Red Sea","uploads/zulanka__920393.jpg","legendary","18000000000","18.0b Population 5,149t Industry","{""Founder"":1}","{""WELFARE-1"":95,""INCLUSIVE-1"":106,""COMPASSIONATE-1"":116}"
"154193","2","Carrasastova","H√≥zh√≥","What you see in yourself is what you see in the world.","Left-wing Utopia","Yggdrasil","uploads/carrasastova__52016.gif","legendary","14700000000","14.7b Population 4,079t Industry","{""WA"":1,""Issues Author"":2,""Easter Egg"":2}","{""WELFARE-1"":41,""HAPPY-1"":96,""ECO-GOVT-1"":111}"
"163369","2","Ramaeus","Winter Anime Predominance","...","Psychotic Dictatorship","The East Pacific","uploads/ramaeus__23437.jpg","legendary","14600000000","14.6b Population 4,433t Industry","{""WA"":1,""Postmaster-General"":1,""Security Council Resolution Author"":6,""Easter Egg"":2}","{""ENDORSED-1"":135,""BUSINESS-1"":168,""HEALTHCARE-1"":292}"
"167885","2","The-CID","Capitalist Alliance","Justice Above All","Inoffensive Centrist Democracy","Capitalist Paradise","uploads/the-cid__997796.jpg","legendary","25900000000","25.9b Population 9,466t Industry","{""Founder"":1,""Postmaster-General"":1,""Issues Author"":2,""Easter Egg"":9}","{""AUTO-1"":35,""ECONOMY-1"":72,""INSURANCE-1"":196}"
"173694","2","The Grim Reaper","Havent you people ever heard","I have approximate knowledge of many things.","Civil Rights Lovefest","Snazzy","uploads/the_grim_reaper__293020.jpg","legendary","16800000000","16.8b Population 1,725t Industry","{""Issues Editor"":1,""Postmaster"":1,""Issues Author"":4,""Easter Egg"":3}","{""CRIME-1"":660,""REBELYOUTH-1"":957,""ARMED-1"":1205}"
"195223","2","A Slanted Black Stripe","TEP Citizen","What color is your stripe?","Scandinavian Liberal Paradise","The East Pacific","uploads/a_slanted_black_stripe__676269.jpg","legendary","23100000000","23.1b Population 4,382t Industry","{""WA"":1,""Commended"":[""119""],""Postmaster-General"":1,""Easter Egg"":5}","{""ENDORSED-1"":248,""PUBLISHING-1"":313,""INFLUENCE-1"":411}"
"219817","2","Caelapes","Rose Commune","Ego vero custos mei fratris sum.","Left-wing Utopia","The Internationale","uploads/caelapes__963235.png","legendary","18600000000","18.6b Population 4,308t Industry","{""Sec-Gen"":1,""WA"":1,""Postmaster-General"":1,""Security Council Resolution Author"":3,""Easter Egg"":4}","{""EDUCATED-1"":134,""WELFARE-1"":235,""HEALTHCARE-1"":331}"
"261305","2","Australian rePublic","Federation","The Lucky Land","Inoffensive Centrist Democracy","Regionless","uploads/australian_republic__724953.jpg","legendary","14400000000","14.4b Population 3,607t Industry","{""Delegate"":1,""Founder"":1,""Postmaster-General"":1,""Issues Author"":15,""Easter Egg"":11}","{""GAMBLING-1"":180,""REBELYOUTH-1"":618,""RETAIL-1"":801}"
"302489","2","Nuremgard","Tsardom","–ù–∏–∫–æ–≥–¥–∞ –Ω–µ –±—É–¥–∏—Ç–µ —Å–ø—è—â–µ–≥–æ –º–µ–¥–≤–µ–¥—è","Left-Leaning College State","The Confederacy of Free Nations","uploads/nuremgard__867068.png","legendary","14400000000","14.4b Population 4,350t Industry","{""WA"":1,""Issues Author"":14}","{""GODFORSAKEN-1"":202,""COMPASSIONATE-1"":271,""NICE-1"":275}"
"303790","2","Czechostan","Socialist Federal Republic","Mmm... Czech, please","Left-wing Utopia","Absurdistan","uploads/czechostan__567709.png","legendary","14400000000","14.4b Population 3,603t Industry","{""Founder"":1,""Postmaster-General"":1,""Issues Author"":6,""Easter Egg"":4}","{""WELFARE-1"":78,""PUBLICTRANSPORT-1"":80,""AID-1"":91}"
"306344","2","Zamri1138","Normal-Weirdo Empire","We Improve,We Rise,We Dominate,We Chasing Golden Age!","Father Knows Best State","THE LAND OF ZAMRI1138 REGION","uploads/zamri1138__226253.jpg","legendary","14400000000","14.4b Population 10,387t Industry","{""Founder"":1,""Easter Egg"":2}","{""BUSINESS-1"":4,""PUBLICTRANSPORT-1"":21,""HEALTHCARE-1"":26}"
"336467","2","Kaboomlandia","Old Man Yells At Clouds","Come to the dark side! We have nukes and cookies!","Iron Fist Consumerists","Europeia","uploads/kaboomlandia__912177.jpg","legendary","11500000000","11.5b Population 3,648t Industry","{""WA"":1,""General Assembly Resolution Author"":1,""Security Council Resolution Author"":6,""Easter Egg"":5}","{""PIZZA-1"":118,""INSURANCE-1"":170,""STUPID-1"":178}"
"341374","2","Baggieland","Imperial Glorious Empire","Boing! Boing!","Father Knows Best State","B71","uploads/baggieland__759824.jpg","legendary","7510000000","7.51b Population 1,986t Industry","{""Issues Editor"":1,""Founder"":1,""Postmaster"":1,""Issues Author"":24}","{""AGRICULTURE-1"":131,""CHEESE-1"":375,""GODFORSAKEN-1"":443}"
"373091","2","Kyldellian Halon","Centro Social Alliance","You mess with the people, you mess with the state!","Democratic Socialists","Kylden","uploads/kyldellian_halon__584365.png","legendary","13900000000","13.9b Population 7,458t Industry","{""Founder"":1,""Easter Egg"":12}","{""GOVT-1"":17,""ECONOMY-1"":19,""CULTURE-1"":21}"
"388476","2","Merconitonitopia","Kingdom","Vanity of Vanities, Saith the Preacher; All is Vanity","Psychotic Dictatorship","The North Pacific","uploads/merconitonitopia__748765.png","legendary","13800000000","13.8b Population 5,552t Industry","{""WA"":1,""Issues Author"":1,""Easter Egg"":5}","{""AID-1"":13,""ECO-GOVT-1"":14,""PRIMITIVE-1"":15}"
"407774","2","Imperium Anglorum","United Commonwealths","Dicimus pro populo","Left-Leaning College State","Europe","uploads/imperium_anglorum__619595.png","legendary","11300000000","11.3b Population 1,207t Industry","{""Delegate"":1,""Commended"":[""223""],""Postmaster-General"":1,""General Assembly Resolution Author"":29,""Security Council Resolution Author"":1,""Easter Egg"":2}","{""INFLUENCE-1"":5,""ENDORSED-1"":200,""TIMBER-5"":4414}"
"411138","2","The Dark System","Insurgent Economic Extremist","Money, Power, Respect!","Compulsory Consumerist State","The Axis of Evil","uploads/the_dark_system__443305.png","legendary","13600000000","13.6b Population 15,171t Industry","{""Easter Egg"":12}","{""RICHINCOME-1T"":1,""RETAIL-1"":2,""BUSINESS-1"":3}"
"419907","2","Valrknut","Clad in Gold Republic","Always be ready for a fight","Capitalist Paradise","Ancient Epic League of Epicness","Isle_of_Man.png","legendary","13600000000","13.6b Population 8,312t Industry","{""Founder"":1,""Easter Egg"":5}","{""ECONOMY-1"":9,""RUDE-1"":37,""DISPINCOME-1"":52}"
"470584","2","Corfad","Dictatorship","Strength through unity, Unity Through Faith","Corporate Police State","The North Pacific","uploads/corfad__420464.png","legendary","16000000000","16.0b Population 9,367t Industry","{""WA"":1,""Easter Egg"":2}","{""ECONOMY-1"":13,""ENDORSED-1"":21,""WEALTHGAPS-1"":24}"
"523779","2","The Free Joy State","Petrifying Procrastinations","Obedience is Man's Greatest Strength","Iron Fist Consumerists","the Pacific","uploads/the_free_joy_state__236952.jpg","legendary","9490000000","9.49b Population 2,244t Industry","{""Issues Editor"":1,""Postmaster"":1,""Issues Author"":31}","{""STUPID-1"":221,""TIMBER-1"":255,""DEVOUT-1"":383}"
"527332","2","Wrapper","Puddle Jumping Wads","Paradise is just a wormhole away.","Inoffensive Centrist Democracy","Stargate","uploads/wrapper__614134.jpg","legendary","14000000000","14.0b Population 2,891t Industry","{""Condemned"":[""243""],""Retired Moderator"":1,""General Assembly Resolution Author"":2,""Security Council Resolution Author"":1,""Easter Egg"":2}","{""EDUCATED-1"":100,""PEACE-1"":175,""WELFARE-1"":214}"
"574661","2","Annihilators of Chan Island","Dux Headquarters","Huh?","Iron Fist Consumerists","NationStates","uploads/annihilators_of_chan_island__464659.jpg","legendary","12500000000","12.5b Population 1,652t Industry","{""Issues Author"":15,""Easter Egg"":2}","{""POLICE-1"":93,""PRIMITIVE-1"":123,""STUPID-1"":166}"
"610834","2","Teutionia","Sovereign Covenant","Actions, Not Words","Compulsory Consumerist State","The Universal Order of Nations","uploads/teutionia__636153.png","legendary","12400000000","12.4b Population 9,846t Industry","{""Delegate"":1,""Founder"":1,""Postmaster-General"":1,""Easter Egg"":5}","{""TECH-1"":12,""ADVANCED-1"":18,""INCOME-1"":33}"
"650243","2","Sacara","Philosophical Empire","Under One Banner, We Are United","Capitalist Paradise","Forest","uploads/sacara__671455.jpg","legendary","8539999999","8.54b Population 2,234t Industry","{""WA"":1,""Issues Author"":12,""Easter Egg"":2}","{""DISPINCOME-1"":989,""TIMBER-1"":1006,""RUDE-1"":1074}"
"705549","2","Nova Hollandia","United Provinces","Concordia Res Parvae Crescunt","Inoffensive Centrist Democracy","Europe","uploads/nova_hollandia__397405.png","legendary","30500000000","30.5b Population 21,795t Industry","{""WA"":1,""Easter Egg"":2}","{""AUTO-1"":31,""DISPINCOME-1"":32,""LOWTAX-1"":36}"
"758697","2","Vancouvia","Free Lands","Prosperity, Freedom, Efficiency","Liberal Democratic Socialists","The Western Isles","uploads/vancouvia__633986.jpg","legendary","11400000000","11.4b Population 2,461t Industry","{""Delegate"":1,""Founder"":1,""Postmaster-General"":1,""General Assembly Resolution Author"":5,""Easter Egg"":4}","{""INFLUENCE-1"":60,""BUSINESS-1"":411,""AID-1"":489}"
"769420","2","Territorio di Nessuno","Disputed Territories","Nobody will be left behind","Left-wing Utopia","The North Pacific","uploads/territorio_di_nessuno__259114.png","legendary","9670000000","9.67b Population 2,572t Industry","{""WA"":1,""Easter Egg"":9}","{""ENDORSED-1"":6,""COMPASSIONATE-1"":76,""INFLUENCE-1"":90}"
"846635","2","Outer Sparta","Kingdom","Promote and Preserve","Liberal Democratic Socialists","Europe","Europe.png","legendary","10700000000","10.7b Population 3,818t Industry","{""WA"":1,""Issues Author"":7,""Easter Egg"":4}","{""WEATHER-1"":20,""TOURISM-1"":21,""INFLUENCE-1"":22}"
"876502","2","Wallenburg","Sororal Republics","United for liberty, forever.","New York Times Democracy","The East Pacific","uploads/wallenburg__960968.png","legendary","10600000000","10.6b Population 1,742t Industry","{""WA"":1,""Postmaster-General"":1,""Issues Author"":1,""General Assembly Resolution Author"":6}","{""ENDORSED-1"":197,""INFLUENCE-1"":450,""PUBLISHING-1"":889}"
"957208","2","Gnejs","Prosaic Union","Quantum Satis","Left-wing Utopia","International Democratic Union","uploads/gnejs__672986.jpg","legendary","15500000000","15.5b Population 2,910t Industry","{""Postmaster-General"":1,""Issues Author"":9,""Security Council Resolution Author"":1,""Easter Egg"":5}","{""PUBLISHING-1"":277,""ECO-GOVT-1"":340,""ENVIRONMENT-1"":499}"
"983809","2","Caracasus","United Socialist States","Say no to US death squads","Left-wing Utopia","The Leftist Assembly","uploads/caracasus__402706.png","legendary","10000000000","10.0b Population 3,082t Industry","{""Issues Editor"":1,""Postmaster"":1,""Issues Author"":14,""General Assembly Resolution Author"":1}","{""INCLUSIVE-1"":267,""EMPLOYED-1"":304,""POORINCOME-1"":317}"
"1062542","2","USS Monitor","Shipwreck","Freedom Forever","Inoffensive Centrist Democracy","North Carolina","uploads/uss_monitor__750683.jpg","legendary","9600000000","9.60b Population 440t Industry","{""Issues Editor"":1,""Retired Moderator"":1,""Issues Author"":10}","{""AVERAGE-10"":10343,""BASKET-10"":13416,""INFLUENCE-10"":14300}"
"1085205","2","Frieden-und Freudenland","Revolutionary Scientists","United for Peace and Joy","Scandinavian Liberal Paradise","Forest","uploads/frieden-und_freudenland__262722.jpg","legendary","9320000000","9.32b Population 2,181t Industry","{""Issues Editor"":1,""WA"":1,""Postmaster"":1,""Issues Author"":23,""Easter Egg"":6}","{""GODFORSAKEN-1"":128,""ENVIRONMENT-1"":223,""ECO-GOVT-1"":298}"
"1112157","2","Pencil Sharpeners 2","Eternal Misfortune","Stop reading my motto!","Father Knows Best State","the South Pacific","uploads/pencil_sharpeners_2__663288.png","legendary","9320000000","9.32b Population 6,991t Industry","{""WA"":1,""Postmaster-General"":1,""Easter Egg"":4}","{""POORINCOME-1"":17,""BUSINESS-1"":22,""ENDORSED-1"":29}"
"1120388","2","Candlewhisper Archive","AI See You","I dream of writing, then I write my dreams","Anarchy","Forest","uploads/candlewhisper_archive__346879.jpg","legendary","9250000000","9.25b Population 3,839t Industry","{""Issues Editor"":1,""WA"":1,""Commended"":[""235""],""Postmaster"":1,""Issues Author"":86,""Easter Egg"":5}","{""SODA-1"":52,""RUDE-1"":81,""FAT-1"":110}"
"1149046","2","Notyoutopia","Man With Red Right Hand","Œ∫ŒøŒπœÑŒ± ŒµŒ∫ŒµŒπ œÄŒøœÖ Œ∏ŒµœÇ ŒΩŒ± œÄŒ±œÇ,Œ±ŒªŒªŒπœâœÇ Œ∏Œ± œÄŒ±œÇ ŒµŒ∫ŒµŒπ œÄŒøœÖ Œ∫ŒøŒπœÑŒ±œÇ","Civil Rights Lovefest","The North Pacific","uploads/notyoutopia__897953.gif","legendary","9020000000","9.02b Population 2,430t Industry","{""WA"":1,""Easter Egg"":4}","{""ENDORSED-1"":19,""INFLUENCE-1"":133,""ENVIRONMENT-1"":153}"
"1189918","2","Milostein","Kingdom","I know everything.","Democratic Socialists","Under a Rock","uploads/milostein__786119.png","legendary","15800000000","15.8b Population 4,870t Industry","{""Founder"":1,""Issues Author"":2,""Easter Egg"":2}","{""EDUCATED-1"":58,""LEASTCORRUPT-1"":78,""TECH-1"":104}"
"1225096","2","Chan Island","Hidden Pirate Cove","Hoist the black flag!","Inoffensive Centrist Democracy","Forest","uploads/chan_island__738166.jpg","legendary","8710000000","8.71b Population 844t Industry","{""WA"":1,""Condemned"":[""264""],""Postmaster-General"":1,""Issues Author"":16}","{""INFLUENCE-5"":1749,""ENDORSED-5"":3439,""BLACKMARKET-5"":6429}"
"1227474","2","Galway-Dublin","Super Gay Lovefest","I already befriended your mom last night","Left-wing Utopia","Europe","uploads/galway-dublin__471228.png","legendary","8690000000","8.69b Population 2,462t Industry","{""WA"":1,""Issues Author"":2,""Easter Egg"":4}","{""INFLUENCE-1"":109,""BUSINESS-1"":180,""ECONOMY-1"":273}"
"1235817","2","Jutsa","Planetary Alliance","We mean no harm to any!","Left-Leaning College State","Forest","uploads/jutsa__604632.png","legendary","8630000000","8.63b Population 1,557t Industry","{""WA"":1,""Commended"":[""275""],""Postmaster-General"":1,""Issues Author"":22}","{""WEATHER-1"":772,""INCLUSIVE-1"":887,""LEASTCORRUPT-1"":929}"
"1306258","2","Choistan","Dictatorship","What","Inoffensive Centrist Democracy","The North Pacific","Castilla-La_Mancha.png","legendary","8270000000","8.27b Population 4,926t Industry","{""WA"":1}","{""RETAIL-1"":24,""FURNITURE-1"":120,""ECONOMY-1"":127}"
"1359194","2","Yodle","üåπ Socialist Utopia","Here we stand under our flag! Progressive and United!","Liberal Democratic Socialists","The Region That Has No Big Banks","uploads/yodle__562209.jpg","legendary","8130000000","8.13b Population 2,045t Industry","{""Delegate"":1,""Founder"":1,""Postmaster-General"":1,""Security Council Resolution Author"":1,""Easter Egg"":5}","{""AID-1"":278,""WELFARE-1"":293,""ECO-GOVT-1"":347}"
"1583601","2","The Marsupial Illuminati","Elements","Q.E.F.","Tyranny by Majority","Sodom and Gomorrah","uploads/the_marsupial_illuminati__191229.jpg","legendary","7280000000","7.28b Population 720t Industry","{""Issues Editor"":1,""Founder"":1,""Postmaster-General"":1,""Issues Author"":8,""Easter Egg"":2}","{""PRIMITIVE-1"":179,""STUPID-1"":220,""DEVOUT-1"":302}"
"1599020","2","Helaw","Technocratic Hexarchy","Pancakes make good frisbees.","Democratic Socialists","Ridgefield","uploads/helaw__78270.png","legendary","7230000000","7.23b Population 1,213t Industry","{""WA"":1,""Commended"":[""258""],""Postmaster-General"":1,""Issues Author"":5,""General Assembly Resolution Author"":1,""Security Council Resolution Author"":1,""Easter Egg"":13}","{""GODFORSAKEN-1"":758,""TECH-1"":1431,""SAFE-1"":1630}"
"1604334","2","Holy Oranz","Ecclesiocracy","Through the Divine Shadow we know ourselves","Left-wing Utopia","The North Pacific","uploads/holy_oranz__711346.png","legendary","7200000000","7.20b Population 2,708t Industry","{""WA"":1,""Issues Author"":1,""Easter Egg"":4}","{""ENDORSED-1"":25,""INCLUSIVE-1"":97,""TOURISM-1"":148}"
"1633166","2","Noahs Second Country","Second Resurrection","Our second motto","Anarchy","The North Pacific","uploads/noahs_second_country__967823.png","legendary","6040000000","6.04b Population 1,645t Industry","{""WA"":1,""Issues Author"":3,""Easter Egg"":7}","{""RUDE-1"":130,""CRIME-1"":183,""WEALTHGAPS-1"":210}"
"1812634","2","Siwale","Republic","Let's get started!","Left-wing Utopia","The North Pacific","uploads/siwale__182541.png","legendary","6550000000","6.55b Population 1,653t Industry","{""WA"":1,""Postmaster-General"":1,""Easter Egg"":4}","{""ENDORSED-1"":5,""INFLUENCE-1"":84,""INCLUSIVE-1"":291}"
"1838280","2","Koem Kab","Empire","0","Iron Fist Consumerists","The Secret Order","Default.png","legendary","6430000000","6.43b Population 4,741t Industry","{""Condemned"":[""287""],""Founder"":1,""Easter Egg"":2}","{""POORINCOME-1"":33,""MANUFACTURING-1"":39,""INCOME-1"":49}"
"2056402","2","Candensia","Royal Dominion","Everything for the people.","Father Knows Best State","The Hole To Hide In","uploads/candensia__553852.jpg","legendary","5470000000","5.47b Population 951t Industry","{""Delegate"":1,""Site Supporter"":1,""Issues Author"":11,""Security Council Resolution Author"":1}","{""ENVIRONMENT-5"":1920,""WEATHER-5"":2347,""INFLUENCE-5"":2353}"
"2092409","2","Yahlia","Federal Republic","Striving for a better tomorrow","Left-wing Utopia","Europe","uploads/yahlia__955592.png","legendary","5530000000","5.53b Population 1,199t Industry","{""WA"":1,""Postmaster-General"":1,""Issues Author"":1,""Easter Egg"":2}","{""INFLUENCE-1"":51,""COMPASSIONATE-1"":229,""INCLUSIVE-1"":246}"
"2462484","2","Altmer Dominion","First Thalmor Reign","Naturally Superior.","Psychotic Dictatorship","Forest","uploads/altmer_dominion__396305.jpg","legendary","4099999999","4.10b Population 623t Industry","{""Issues Editor"":1,""Postmaster"":1,""Issues Author"":8,""Easter Egg"":2}","{""PRIMITIVE-1"":237,""DEVOUT-1"":289,""POLICE-1"":404}"